{
  "r2": {
    "start": [125.479165, 8.946409],
    "end": [125.479165, 8.946409],
    "waypoints": [
      [125.54049, 8.947635],
      [125.541031, 8.950906],
      [125.543114, 8.950775],
      [125.542855, 8.947459]
    ]
  },
  "r7": {
    "start": [125.531913, 8.945693],
    "end": [125.531913, 8.945693],
    "waypoints": [
      [125.541432, 8.947506],
      [125.541202, 8.944788],
      [125.544069, 8.944641],
      [125.544262, 8.947227],
      [125.631513, 8.93799],
      [125.541436, 8.947561],
      [125.541791, 8.951636],
      [125.541014, 8.951636],
      [125.537875, 8.962228],
      [125.534047, 8.960188],
      [125.534846, 8.958365],
      [125.527948, 8.953551]
    ]
  },
  "r10": {
    "start": [125.47338809214575, 8.948053216673687],
    "end": [125.47338809214575, 8.948053216673687],
    "waypoints": [
      [125.60264910905764, 8.959668727879519],
      [125.602348701644564, 8.961703523758013]
    ]
  },

  "r1": {
    "start": [125.479165, 8.946409],
    "end": [125.479165, 8.946409],
    "waypoints": [
      [125.543506, 8.947323],
      [125.543274, 8.943378],
      [125.540482, 8.943509],
      [125.540718, 8.947551],
      [125.479079, 8.946618]
    ]
  },
  "r4": {
    "start": [125.478976, 8.946476],
    "end": [125.478976, 8.946476],
    "waypoints": [
      [125.486911, 8.94558],
      [125.495534, 8.941028],
      [125.503258, 8.944295],
      [125.543501, 8.947316],
      [125.543364, 8.944729],
      [125.544047, 8.944657],
      [125.54438, 8.948697],
      [125.543947, 8.949599],
      [125.540892, 8.949328],
      [125.537946, 8.962239],
      [125.534071, 8.960192],
      [125.534852, 8.958395],
      [125.533821, 8.958326],
      [125.532567, 8.959347],
      [125.527275, 8.958529],
      [125.528463, 8.955065],
      [125.529467, 8.952268],
      [125.531845, 8.945705]
    ]
  },
  "r8": {
    "start": [125.606308, 9.013927],
    "end": [125.606308, 9.013927],
    "waypoints": [
      [125.605971, 8.996478],
      [125.614382, 8.99031],
      [125.614336, 8.984407],
      [125.605418, 8.979327],
      [125.604317, 8.962983],
      [125.55371, 8.952094],
      [125.544918, 8.947279],
      [125.531991, 8.945731],
      [125.529537, 8.95222],
      [125.528756, 8.954796],
      [125.532931, 8.957595],
      [125.534239, 8.956021],
      [125.535051, 8.956623],
      [125.534579, 8.957213],
      [125.535322, 8.957434],
      [125.534642, 8.958919],
      [125.538436, 8.960666],
      [125.540635, 8.947717],
      [125.541404, 8.947514],
      [125.541194, 8.944809],
      [125.544052, 8.94466],
      [125.544274, 8.947214]
    ]
  },
  "r14": {
    "start": [125.602527, 8.961764],
    "end": [125.602527, 8.961764],
    "waypoints": [
      [125.582311, 8.95715],
      [125.584207, 8.945407],
      [125.573847, 8.929193],
      [125.540931, 8.922293],
      [125.539708, 8.92544],
      [125.540725, 8.947563],
      [125.540112, 8.947708],
      [125.536329, 8.94744],
      [125.518216, 8.942912],
      [125.519791, 8.942902]
    ]
  }
}
